--
-- The goal of this script is to populate sample database tables.
--
-- Dates: 2023/11/18 Creation
--
-- Warning: statements do not include schema name, so you must be sure that
-- CURRENT SCHEMA is properly set before running this script.
--

INSERT INTO DEPARTMENT (DEPTNO, DEPTNAME, MGRNO, ADMRDEPT, LOCATION) VALUES('A00', 'SPIFFY COMPUTER SERVICE DIV.', '10', 'A00', NULL);
INSERT INTO DEPARTMENT (DEPTNO, DEPTNAME, MGRNO, ADMRDEPT, LOCATION) VALUES('B01', 'PLANNING', '20', 'A00', NULL);
INSERT INTO DEPARTMENT (DEPTNO, DEPTNAME, MGRNO, ADMRDEPT, LOCATION) VALUES('C01', 'INFORMATION CENTER', '30', 'A00', NULL);
INSERT INTO DEPARTMENT (DEPTNO, DEPTNAME, MGRNO, ADMRDEPT, LOCATION) VALUES('D01', 'DEVELOPMENT CENTER', NULL, 'A00', NULL);
INSERT INTO DEPARTMENT (DEPTNO, DEPTNAME, MGRNO, ADMRDEPT, LOCATION) VALUES('D11', 'MANUFACTURING SYSTEMS', '60', 'D01', NULL);
INSERT INTO DEPARTMENT (DEPTNO, DEPTNAME, MGRNO, ADMRDEPT, LOCATION) VALUES('D21', 'ADMINISTRATION SYSTEMS', '70', 'D01', NULL);
INSERT INTO DEPARTMENT (DEPTNO, DEPTNAME, MGRNO, ADMRDEPT, LOCATION) VALUES('E01', 'SUPPORT SERVICES', '50', 'A00', NULL);
INSERT INTO DEPARTMENT (DEPTNO, DEPTNAME, MGRNO, ADMRDEPT, LOCATION) VALUES('E11', 'OPERATIONS', '90', 'E01', NULL);
INSERT INTO DEPARTMENT (DEPTNO, DEPTNAME, MGRNO, ADMRDEPT, LOCATION) VALUES('E21', 'SOFTWARE SUPPORT', '100', 'E01', NULL);
INSERT INTO DEPARTMENT (DEPTNO, DEPTNAME, MGRNO, ADMRDEPT, LOCATION) VALUES('F22', 'BRANCH OFFICE F2', NULL, 'E01', NULL);
INSERT INTO DEPARTMENT (DEPTNO, DEPTNAME, MGRNO, ADMRDEPT, LOCATION) VALUES('G22', 'BRANCH OFFICE G2', NULL, 'E01', NULL);
INSERT INTO DEPARTMENT (DEPTNO, DEPTNAME, MGRNO, ADMRDEPT, LOCATION) VALUES('H22', 'BRANCH OFFICE H2', NULL, 'E01', NULL);
INSERT INTO DEPARTMENT (DEPTNO, DEPTNAME, MGRNO, ADMRDEPT, LOCATION) VALUES('I22', 'BRANCH OFFICE I2', NULL, 'E01', NULL);
INSERT INTO DEPARTMENT (DEPTNO, DEPTNAME, MGRNO, ADMRDEPT, LOCATION) VALUES('J22', 'BRANCH OFFICE J2', NULL, 'E01', NULL);

INSERT INTO EMPLOYEE (EMPNO, FIRSTNME, MIDINIT, LASTNAME, WORKDEPT, PHONENO, HIREDATE, JOB, EDLEVEL, SEX, BIRTHDATE, SALARY, BONUS, COMM) VALUES('10', 'CHRISTINE', 'I', 'HAAS', 'A00', '3978', '1965-01-01', 'PRES', 18, 'F', '1933-08-24', 52750, 1000, 4220);
INSERT INTO EMPLOYEE (EMPNO, FIRSTNME, MIDINIT, LASTNAME, WORKDEPT, PHONENO, HIREDATE, JOB, EDLEVEL, SEX, BIRTHDATE, SALARY, BONUS, COMM) VALUES('20', 'MICHAEL', 'L', 'THOMPSON', 'B01', '3476', '1973-10-10', 'MANAGER', 18, 'M', '1948-02-02', 41250, 800, 3300);
INSERT INTO EMPLOYEE (EMPNO, FIRSTNME, MIDINIT, LASTNAME, WORKDEPT, PHONENO, HIREDATE, JOB, EDLEVEL, SEX, BIRTHDATE, SALARY, BONUS, COMM) VALUES('30', 'SALLY', 'A', 'KWAN', 'C01', '4738', '1975-04-05', 'MANAGER', 20, 'F', '1941-05-11', 38250, 800, 3060);
INSERT INTO EMPLOYEE (EMPNO, FIRSTNME, MIDINIT, LASTNAME, WORKDEPT, PHONENO, HIREDATE, JOB, EDLEVEL, SEX, BIRTHDATE, SALARY, BONUS, COMM) VALUES('50', 'JOHN', 'B', 'GEYER', 'E01', '6789', '1949-08-17', 'MANAGER', 16, 'M', '1925-09-15', 40175, 800, 3214);
INSERT INTO EMPLOYEE (EMPNO, FIRSTNME, MIDINIT, LASTNAME, WORKDEPT, PHONENO, HIREDATE, JOB, EDLEVEL, SEX, BIRTHDATE, SALARY, BONUS, COMM) VALUES('60', 'IRVING', 'F', 'STERN', 'D11', '6423', '1973-09-14', 'MANAGER', 16, 'M', '1945-07-07', 32250, 500, 2580);
INSERT INTO EMPLOYEE (EMPNO, FIRSTNME, MIDINIT, LASTNAME, WORKDEPT, PHONENO, HIREDATE, JOB, EDLEVEL, SEX, BIRTHDATE, SALARY, BONUS, COMM) VALUES('70', 'EVA', 'D', 'PULASKI', 'D21', '7831', '1980-09-30', 'MANAGER', 16, 'F', '1953-05-26', 36170, 700, 2893);
INSERT INTO EMPLOYEE (EMPNO, FIRSTNME, MIDINIT, LASTNAME, WORKDEPT, PHONENO, HIREDATE, JOB, EDLEVEL, SEX, BIRTHDATE, SALARY, BONUS, COMM) VALUES('90', 'EILEEN', 'W', 'HENDERSON', 'E11', '5498', '1970-08-15', 'MANAGER', 16, 'F', '1941-05-15', 29750, 600, 2380);
INSERT INTO EMPLOYEE (EMPNO, FIRSTNME, MIDINIT, LASTNAME, WORKDEPT, PHONENO, HIREDATE, JOB, EDLEVEL, SEX, BIRTHDATE, SALARY, BONUS, COMM) VALUES('100', 'THEODORE', 'Q', 'SPENSER', 'E21', '972', '1980-06-19', 'MANAGER', 14, 'M', '1956-12-18', 26150, 500, 2092);
INSERT INTO EMPLOYEE (EMPNO, FIRSTNME, MIDINIT, LASTNAME, WORKDEPT, PHONENO, HIREDATE, JOB, EDLEVEL, SEX, BIRTHDATE, SALARY, BONUS, COMM) VALUES('110', 'VINCENZO', 'G', 'LUCCHESSI', 'A00', '3490', '1958-05-16', 'SALESREP', 19, 'M', '1929-11-05', 46500, 900, 3720);
INSERT INTO EMPLOYEE (EMPNO, FIRSTNME, MIDINIT, LASTNAME, WORKDEPT, PHONENO, HIREDATE, JOB, EDLEVEL, SEX, BIRTHDATE, SALARY, BONUS, COMM) VALUES('120', 'SEAN', '', 'O CONNELL', 'A00', '2167', '1963-12-05', 'CLERK', 14, 'M', '1942-10-18', 29250, 600, 2340);
INSERT INTO EMPLOYEE (EMPNO, FIRSTNME, MIDINIT, LASTNAME, WORKDEPT, PHONENO, HIREDATE, JOB, EDLEVEL, SEX, BIRTHDATE, SALARY, BONUS, COMM) VALUES('130', 'DOLORES', 'M', 'QUINTANA', 'C01', '4578', '1971-07-28', 'ANALYST', 16, 'F', '1925-09-15', 23800, 500, 1904);
INSERT INTO EMPLOYEE (EMPNO, FIRSTNME, MIDINIT, LASTNAME, WORKDEPT, PHONENO, HIREDATE, JOB, EDLEVEL, SEX, BIRTHDATE, SALARY, BONUS, COMM) VALUES('140', 'HEATHER', 'A', 'NICHOLLS', 'C01', '1793', '1976-12-15', 'ANALYST', 18, 'F', '1946-01-19', 28420, 600, 2274);
INSERT INTO EMPLOYEE (EMPNO, FIRSTNME, MIDINIT, LASTNAME, WORKDEPT, PHONENO, HIREDATE, JOB, EDLEVEL, SEX, BIRTHDATE, SALARY, BONUS, COMM) VALUES('150', 'BRUCE', '', 'ADAMSON', 'D11', '4510', '1972-02-12', 'DESIGNER', 16, 'M', '1947-05-17', 25280, 500, 2022);
INSERT INTO EMPLOYEE (EMPNO, FIRSTNME, MIDINIT, LASTNAME, WORKDEPT, PHONENO, HIREDATE, JOB, EDLEVEL, SEX, BIRTHDATE, SALARY, BONUS, COMM) VALUES('160', 'ELIZABETH', 'R', 'PIANKA', 'D11', '3782', '1977-10-11', 'DESIGNER', 17, 'F', '1955-04-12', 22250, 400, 1780);
INSERT INTO EMPLOYEE (EMPNO, FIRSTNME, MIDINIT, LASTNAME, WORKDEPT, PHONENO, HIREDATE, JOB, EDLEVEL, SEX, BIRTHDATE, SALARY, BONUS, COMM) VALUES('170', 'MASATOSHI', 'J', 'YOSHIMURA', 'D11', '2890', '1978-09-15', 'DESIGNER', 16, 'M', '1951-01-05', 24680, 500, 1974);
INSERT INTO EMPLOYEE (EMPNO, FIRSTNME, MIDINIT, LASTNAME, WORKDEPT, PHONENO, HIREDATE, JOB, EDLEVEL, SEX, BIRTHDATE, SALARY, BONUS, COMM) VALUES('180', 'MARILYN', 'S', 'SCOUTTEN', 'D11', '1682', '1973-07-07', 'DESIGNER', 17, 'F', '1949-02-21', 21340, 500, 1707);
INSERT INTO EMPLOYEE (EMPNO, FIRSTNME, MIDINIT, LASTNAME, WORKDEPT, PHONENO, HIREDATE, JOB, EDLEVEL, SEX, BIRTHDATE, SALARY, BONUS, COMM) VALUES('190', 'JAMES', 'H', 'WALKER', 'D11', '2986', '1974-07-26', 'DESIGNER', 16, 'M', '1952-06-25', 20450, 400, 1636);
INSERT INTO EMPLOYEE (EMPNO, FIRSTNME, MIDINIT, LASTNAME, WORKDEPT, PHONENO, HIREDATE, JOB, EDLEVEL, SEX, BIRTHDATE, SALARY, BONUS, COMM) VALUES('200', 'DAVID', '', 'BROWN', 'D11', '4501', '1966-03-03', 'DESIGNER', 16, 'M', '1941-05-29', 27740, 600, 2217);
INSERT INTO EMPLOYEE (EMPNO, FIRSTNME, MIDINIT, LASTNAME, WORKDEPT, PHONENO, HIREDATE, JOB, EDLEVEL, SEX, BIRTHDATE, SALARY, BONUS, COMM) VALUES('210', 'WILLIAM', 'T', 'JONES', 'D11', '942', '1979-04-11', 'DESIGNER', 17, 'M', '1953-02-23', 18270, 400, 1462);
INSERT INTO EMPLOYEE (EMPNO, FIRSTNME, MIDINIT, LASTNAME, WORKDEPT, PHONENO, HIREDATE, JOB, EDLEVEL, SEX, BIRTHDATE, SALARY, BONUS, COMM) VALUES('220', 'JENNIFER', 'K', 'LUTZ', 'D11', '672', '1968-08-29', 'DESIGNER', 18, 'F', '1948-03-19', 29840, 600, 2387);
INSERT INTO EMPLOYEE (EMPNO, FIRSTNME, MIDINIT, LASTNAME, WORKDEPT, PHONENO, HIREDATE, JOB, EDLEVEL, SEX, BIRTHDATE, SALARY, BONUS, COMM) VALUES('230', 'JAMES', 'J', 'JEFFERSON', 'D21', '2094', '1966-11-21', 'CLERK', 14, 'M', '1935-05-30', 22180, 400, 1774);
INSERT INTO EMPLOYEE (EMPNO, FIRSTNME, MIDINIT, LASTNAME, WORKDEPT, PHONENO, HIREDATE, JOB, EDLEVEL, SEX, BIRTHDATE, SALARY, BONUS, COMM) VALUES('240', 'SALVATORE', 'M', 'MARINO', 'D21', '3780', '1979-12-05', 'CLERK', 17, 'M', '1954-03-31', 28760, 600, 2301);
INSERT INTO EMPLOYEE (EMPNO, FIRSTNME, MIDINIT, LASTNAME, WORKDEPT, PHONENO, HIREDATE, JOB, EDLEVEL, SEX, BIRTHDATE, SALARY, BONUS, COMM) VALUES('250', 'DANIEL', 'S', 'SMITH', 'D21', '961', '1969-10-30', 'CLERK', 15, 'M', '1939-11-12', 19180, 400, 1534);
INSERT INTO EMPLOYEE (EMPNO, FIRSTNME, MIDINIT, LASTNAME, WORKDEPT, PHONENO, HIREDATE, JOB, EDLEVEL, SEX, BIRTHDATE, SALARY, BONUS, COMM) VALUES('260', 'SYBIL', 'P', 'JOHNSON', 'D21', '8953', '1975-09-11', 'CLERK', 16, 'F', '1936-10-05', 17250, 300, 1380);
INSERT INTO EMPLOYEE (EMPNO, FIRSTNME, MIDINIT, LASTNAME, WORKDEPT, PHONENO, HIREDATE, JOB, EDLEVEL, SEX, BIRTHDATE, SALARY, BONUS, COMM) VALUES('270', 'MARIA', 'L', 'PEREZ', 'D21', '9001', '1980-09-30', 'CLERK', 15, 'F', '1953-05-26', 27380, 500, 2190);
INSERT INTO EMPLOYEE (EMPNO, FIRSTNME, MIDINIT, LASTNAME, WORKDEPT, PHONENO, HIREDATE, JOB, EDLEVEL, SEX, BIRTHDATE, SALARY, BONUS, COMM) VALUES('280', 'ETHEL', 'R', 'SCHNEIDER', 'E11', '8997', '1967-03-24', 'OPERATOR', 17, 'F', '1936-03-28', 26250, 500, 2100);
INSERT INTO EMPLOYEE (EMPNO, FIRSTNME, MIDINIT, LASTNAME, WORKDEPT, PHONENO, HIREDATE, JOB, EDLEVEL, SEX, BIRTHDATE, SALARY, BONUS, COMM) VALUES('290', 'JOHN', 'R', 'PARKER', 'E11', '4502', '1980-05-30', 'OPERATOR', 12, 'M', '1946-07-09', 15340, 300, 1227);
INSERT INTO EMPLOYEE (EMPNO, FIRSTNME, MIDINIT, LASTNAME, WORKDEPT, PHONENO, HIREDATE, JOB, EDLEVEL, SEX, BIRTHDATE, SALARY, BONUS, COMM) VALUES('300', 'PHILIP', 'X', 'SMITH', 'E11', '2095', '1972-06-19', 'OPERATOR', 14, 'M', '1936-10-27', 17750, 400, 1420);
INSERT INTO EMPLOYEE (EMPNO, FIRSTNME, MIDINIT, LASTNAME, WORKDEPT, PHONENO, HIREDATE, JOB, EDLEVEL, SEX, BIRTHDATE, SALARY, BONUS, COMM) VALUES('310', 'MAUDE', 'F', 'SETRIGHT', 'E11', '3332', '1964-09-12', 'OPERATOR', 12, 'F', '1931-04-21', 15900, 300, 1272);
INSERT INTO EMPLOYEE (EMPNO, FIRSTNME, MIDINIT, LASTNAME, WORKDEPT, PHONENO, HIREDATE, JOB, EDLEVEL, SEX, BIRTHDATE, SALARY, BONUS, COMM) VALUES('320', 'RAMLAL', 'V', 'MEHTA', 'E21', '9990', '1965-07-07', 'FILEREP', 16, 'M', '1932-08-11', 19950, 400, 1596);
INSERT INTO EMPLOYEE (EMPNO, FIRSTNME, MIDINIT, LASTNAME, WORKDEPT, PHONENO, HIREDATE, JOB, EDLEVEL, SEX, BIRTHDATE, SALARY, BONUS, COMM) VALUES('330', 'WING', '', 'LEE', 'E21', '2103', '1976-02-23', 'FILEREP', 14, 'M', '1941-07-18', 25370, 500, 2030);
INSERT INTO EMPLOYEE (EMPNO, FIRSTNME, MIDINIT, LASTNAME, WORKDEPT, PHONENO, HIREDATE, JOB, EDLEVEL, SEX, BIRTHDATE, SALARY, BONUS, COMM) VALUES('340', 'JASON', 'R', 'GOUNOT', 'E21', '5698', '1947-05-05', 'FILEREP', 16, 'M', '1926-05-17', 23840, 500, 1907);
INSERT INTO EMPLOYEE (EMPNO, FIRSTNME, MIDINIT, LASTNAME, WORKDEPT, PHONENO, HIREDATE, JOB, EDLEVEL, SEX, BIRTHDATE, SALARY, BONUS, COMM) VALUES('200010', 'DIAN', 'J', 'HEMMINGER', 'A00', '3978', '1965-01-01', 'SALESREP', 18, 'F', '1933-08-14', 46500, 1000, 4220);
INSERT INTO EMPLOYEE (EMPNO, FIRSTNME, MIDINIT, LASTNAME, WORKDEPT, PHONENO, HIREDATE, JOB, EDLEVEL, SEX, BIRTHDATE, SALARY, BONUS, COMM) VALUES('200120', 'GREG', '', 'ORLANDO', 'A00', '2167', '1972-05-05', 'CLERK', 14, 'M', '1942-10-18', 29250, 600, 2340);
INSERT INTO EMPLOYEE (EMPNO, FIRSTNME, MIDINIT, LASTNAME, WORKDEPT, PHONENO, HIREDATE, JOB, EDLEVEL, SEX, BIRTHDATE, SALARY, BONUS, COMM) VALUES('200140', 'KIM', 'N', 'NATZ', 'C01', '1793', '1976-12-15', 'ANALYST', 18, 'F', '1946-01-19', 28420, 600, 2274);
INSERT INTO EMPLOYEE (EMPNO, FIRSTNME, MIDINIT, LASTNAME, WORKDEPT, PHONENO, HIREDATE, JOB, EDLEVEL, SEX, BIRTHDATE, SALARY, BONUS, COMM) VALUES('200170', 'KIYOSHI', '', 'YAMAMOTO', 'D11', '2890', '1978-09-15', 'DESIGNER', 16, 'M', '1951-01-05', 24680, 500, 1974);
INSERT INTO EMPLOYEE (EMPNO, FIRSTNME, MIDINIT, LASTNAME, WORKDEPT, PHONENO, HIREDATE, JOB, EDLEVEL, SEX, BIRTHDATE, SALARY, BONUS, COMM) VALUES('200220', 'REBA', 'K', 'JOHN', 'D11', '672', '1968-08-29', 'DESIGNER', 18, 'F', '1948-03-19', 29840, 600, 2387);
INSERT INTO EMPLOYEE (EMPNO, FIRSTNME, MIDINIT, LASTNAME, WORKDEPT, PHONENO, HIREDATE, JOB, EDLEVEL, SEX, BIRTHDATE, SALARY, BONUS, COMM) VALUES('200240', 'ROBERT', 'M', 'MONTEVERDE', 'D21', '3780', '1979-12-05', 'CLERK', 17, 'M', '1954-03-31', 28760, 600, 2301);
INSERT INTO EMPLOYEE (EMPNO, FIRSTNME, MIDINIT, LASTNAME, WORKDEPT, PHONENO, HIREDATE, JOB, EDLEVEL, SEX, BIRTHDATE, SALARY, BONUS, COMM) VALUES('200280', 'EILEEN', 'R', 'SCHWARTZ', 'E11', '8997', '1967-03-24', 'OPERATOR', 17, 'F', '1936-03-28', 26250, 500, 2100);
INSERT INTO EMPLOYEE (EMPNO, FIRSTNME, MIDINIT, LASTNAME, WORKDEPT, PHONENO, HIREDATE, JOB, EDLEVEL, SEX, BIRTHDATE, SALARY, BONUS, COMM) VALUES('200310', 'MICHELLE', 'F', 'SPRINGER', 'E11', '3332', '1964-09-12', 'OPERATOR', 12, 'F', '1931-04-21', 15900, 300, 1272);
INSERT INTO EMPLOYEE (EMPNO, FIRSTNME, MIDINIT, LASTNAME, WORKDEPT, PHONENO, HIREDATE, JOB, EDLEVEL, SEX, BIRTHDATE, SALARY, BONUS, COMM) VALUES('200330', 'HELENA', '', 'WONG', 'E21', '2103', '1976-02-23', 'FIELDREP', 14, 'F', '1941-07-18', 25370, 500, 2030);
INSERT INTO EMPLOYEE (EMPNO, FIRSTNME, MIDINIT, LASTNAME, WORKDEPT, PHONENO, HIREDATE, JOB, EDLEVEL, SEX, BIRTHDATE, SALARY, BONUS, COMM) VALUES('200340', 'ROY', 'R', 'ALONZO', 'E21', '5698', '1947-05-05', 'FIELDREP', 16, 'M', '1926-05-17', 23840, 500, 1907);

INSERT INTO EMP_PHOTO (EMPNO, PHOTO_FORMAT, PICTURE, EMP_ROWID) VALUES('130', 'bitmap', NULL, '');
INSERT INTO EMP_PHOTO (EMPNO, PHOTO_FORMAT, PICTURE, EMP_ROWID) VALUES('130', 'gif', NULL, '');
INSERT INTO EMP_PHOTO (EMPNO, PHOTO_FORMAT, PICTURE, EMP_ROWID) VALUES('140', 'bitmap', NULL, '');
INSERT INTO EMP_PHOTO (EMPNO, PHOTO_FORMAT, PICTURE, EMP_ROWID) VALUES('140', 'gif', NULL, '');
INSERT INTO EMP_PHOTO (EMPNO, PHOTO_FORMAT, PICTURE, EMP_ROWID) VALUES('150', 'bitmap', NULL, '');
INSERT INTO EMP_PHOTO (EMPNO, PHOTO_FORMAT, PICTURE, EMP_ROWID) VALUES('150', 'gif', NULL, '');
INSERT INTO EMP_PHOTO (EMPNO, PHOTO_FORMAT, PICTURE, EMP_ROWID) VALUES('190', 'bitmap', NULL, '');
INSERT INTO EMP_PHOTO (EMPNO, PHOTO_FORMAT, PICTURE, EMP_ROWID) VALUES('190', 'gif', NULL, '');

INSERT INTO EMP_RESUME (EMPNO, RESUME_FORMAT, RESUME, EMP_ROWID) VALUES('130', 'ascii', NULL, '');
INSERT INTO EMP_RESUME (EMPNO, RESUME_FORMAT, RESUME, EMP_ROWID) VALUES('130', 'html', NULL, '');
INSERT INTO EMP_RESUME (EMPNO, RESUME_FORMAT, RESUME, EMP_ROWID) VALUES('140', 'ascii', NULL, '');
INSERT INTO EMP_RESUME (EMPNO, RESUME_FORMAT, RESUME, EMP_ROWID) VALUES('140', 'html', NULL, '');
INSERT INTO EMP_RESUME (EMPNO, RESUME_FORMAT, RESUME, EMP_ROWID) VALUES('150', 'ascii', NULL, '');
INSERT INTO EMP_RESUME (EMPNO, RESUME_FORMAT, RESUME, EMP_ROWID) VALUES('150', 'html', NULL, '');
INSERT INTO EMP_RESUME (EMPNO, RESUME_FORMAT, RESUME, EMP_ROWID) VALUES('190', 'ascii', NULL, '');
INSERT INTO EMP_RESUME (EMPNO, RESUME_FORMAT, RESUME, EMP_ROWID) VALUES('190', 'html', NULL, '');

INSERT INTO EMPPROJACT (EMPNO, PROJNO, ACTNO, EMPTIME, EMSTDATE, EMENDATE) VALUES('10', 'AD3100', 10, 0.50, '1982-01-01', '1982-07-01');
INSERT INTO EMPPROJACT (EMPNO, PROJNO, ACTNO, EMPTIME, EMSTDATE, EMENDATE) VALUES('70', 'AD3110', 10, 1.00, '1982-01-01', '1983-02-01');
INSERT INTO EMPPROJACT (EMPNO, PROJNO, ACTNO, EMPTIME, EMSTDATE, EMENDATE) VALUES('230', 'AD3111', 60, 1.00, '1982-01-01', '1982-03-15');
INSERT INTO EMPPROJACT (EMPNO, PROJNO, ACTNO, EMPTIME, EMSTDATE, EMENDATE) VALUES('230', 'AD3111', 60, 0.50, '1982-03-15', '1982-04-15');
INSERT INTO EMPPROJACT (EMPNO, PROJNO, ACTNO, EMPTIME, EMSTDATE, EMENDATE) VALUES('230', 'AD3111', 70, 0.50, '1982-03-15', '1982-10-15');
INSERT INTO EMPPROJACT (EMPNO, PROJNO, ACTNO, EMPTIME, EMSTDATE, EMENDATE) VALUES('230', 'AD3111', 80, 0.50, '1982-04-15', '1982-10-15');
INSERT INTO EMPPROJACT (EMPNO, PROJNO, ACTNO, EMPTIME, EMSTDATE, EMENDATE) VALUES('230', 'AD3111', 180, 0.50, '1982-10-15', '1983-01-01');
INSERT INTO EMPPROJACT (EMPNO, PROJNO, ACTNO, EMPTIME, EMSTDATE, EMENDATE) VALUES('240', 'AD3111', 70, 1.00, '1982-02-15', '1982-09-15');
INSERT INTO EMPPROJACT (EMPNO, PROJNO, ACTNO, EMPTIME, EMSTDATE, EMENDATE) VALUES('240', 'AD3111', 80, 1.00, '1982-09-15', '1983-01-01');
INSERT INTO EMPPROJACT (EMPNO, PROJNO, ACTNO, EMPTIME, EMSTDATE, EMENDATE) VALUES('250', 'AD3112', 60, 1.00, '1982-01-01', '1982-02-01');
INSERT INTO EMPPROJACT (EMPNO, PROJNO, ACTNO, EMPTIME, EMSTDATE, EMENDATE) VALUES('250', 'AD3112', 60, 0.50, '1982-02-01', '1982-03-15');
INSERT INTO EMPPROJACT (EMPNO, PROJNO, ACTNO, EMPTIME, EMSTDATE, EMENDATE) VALUES('250', 'AD3112', 60, 1.00, '1983-01-01', '1983-02-01');
INSERT INTO EMPPROJACT (EMPNO, PROJNO, ACTNO, EMPTIME, EMSTDATE, EMENDATE) VALUES('250', 'AD3112', 70, 0.50, '1982-02-01', '1982-03-15');
INSERT INTO EMPPROJACT (EMPNO, PROJNO, ACTNO, EMPTIME, EMSTDATE, EMENDATE) VALUES('250', 'AD3112', 70, 1.00, '1982-03-15', '1982-08-15');
INSERT INTO EMPPROJACT (EMPNO, PROJNO, ACTNO, EMPTIME, EMSTDATE, EMENDATE) VALUES('250', 'AD3112', 70, 0.25, '1982-08-15', '1982-10-15');
INSERT INTO EMPPROJACT (EMPNO, PROJNO, ACTNO, EMPTIME, EMSTDATE, EMENDATE) VALUES('250', 'AD3112', 80, 0.25, '1982-08-15', '1982-10-15');
INSERT INTO EMPPROJACT (EMPNO, PROJNO, ACTNO, EMPTIME, EMSTDATE, EMENDATE) VALUES('250', 'AD3112', 80, 0.50, '1982-10-15', '1982-12-01');
INSERT INTO EMPPROJACT (EMPNO, PROJNO, ACTNO, EMPTIME, EMSTDATE, EMENDATE) VALUES('250', 'AD3112', 180, 0.50, '1982-08-15', '1983-01-01');
INSERT INTO EMPPROJACT (EMPNO, PROJNO, ACTNO, EMPTIME, EMSTDATE, EMENDATE) VALUES('260', 'AD3113', 70, 0.50, '1982-06-15', '1982-07-01');
INSERT INTO EMPPROJACT (EMPNO, PROJNO, ACTNO, EMPTIME, EMSTDATE, EMENDATE) VALUES('260', 'AD3113', 70, 1.00, '1982-07-01', '1983-02-01');
INSERT INTO EMPPROJACT (EMPNO, PROJNO, ACTNO, EMPTIME, EMSTDATE, EMENDATE) VALUES('260', 'AD3113', 80, 1.00, '1982-01-01', '1982-03-01');
INSERT INTO EMPPROJACT (EMPNO, PROJNO, ACTNO, EMPTIME, EMSTDATE, EMENDATE) VALUES('260', 'AD3113', 80, 0.50, '1982-03-01', '1982-04-15');
INSERT INTO EMPPROJACT (EMPNO, PROJNO, ACTNO, EMPTIME, EMSTDATE, EMENDATE) VALUES('260', 'AD3113', 180, 0.50, '1982-03-01', '1982-04-15');
INSERT INTO EMPPROJACT (EMPNO, PROJNO, ACTNO, EMPTIME, EMSTDATE, EMENDATE) VALUES('260', 'AD3113', 180, 1.00, '1982-04-15', '1982-06-01');
INSERT INTO EMPPROJACT (EMPNO, PROJNO, ACTNO, EMPTIME, EMSTDATE, EMENDATE) VALUES('260', 'AD3113', 180, 1.00, '1982-06-01', '1982-07-01');
INSERT INTO EMPPROJACT (EMPNO, PROJNO, ACTNO, EMPTIME, EMSTDATE, EMENDATE) VALUES('270', 'AD3113', 60, 0.50, '1982-03-01', '1982-04-01');
INSERT INTO EMPPROJACT (EMPNO, PROJNO, ACTNO, EMPTIME, EMSTDATE, EMENDATE) VALUES('270', 'AD3113', 60, 1.00, '1982-04-01', '1982-09-01');
INSERT INTO EMPPROJACT (EMPNO, PROJNO, ACTNO, EMPTIME, EMSTDATE, EMENDATE) VALUES('270', 'AD3113', 60, 0.25, '1982-09-01', '1982-10-15');
INSERT INTO EMPPROJACT (EMPNO, PROJNO, ACTNO, EMPTIME, EMSTDATE, EMENDATE) VALUES('270', 'AD3113', 70, 0.75, '1982-09-01', '1982-10-15');
INSERT INTO EMPPROJACT (EMPNO, PROJNO, ACTNO, EMPTIME, EMSTDATE, EMENDATE) VALUES('270', 'AD3113', 70, 1.00, '1982-10-15', '1983-02-01');
INSERT INTO EMPPROJACT (EMPNO, PROJNO, ACTNO, EMPTIME, EMSTDATE, EMENDATE) VALUES('270', 'AD3113', 80, 1.00, '1982-01-01', '1982-03-01');
INSERT INTO EMPPROJACT (EMPNO, PROJNO, ACTNO, EMPTIME, EMSTDATE, EMENDATE) VALUES('270', 'AD3113', 80, 0.50, '1982-03-01', '1982-04-01');
INSERT INTO EMPPROJACT (EMPNO, PROJNO, ACTNO, EMPTIME, EMSTDATE, EMENDATE) VALUES('30', 'IF1000', 10, 0.50, '1982-06-01', '1983-01-01');
INSERT INTO EMPPROJACT (EMPNO, PROJNO, ACTNO, EMPTIME, EMSTDATE, EMENDATE) VALUES('130', 'IF1000', 90, 1.00, '1982-10-01', '1983-01-01');
INSERT INTO EMPPROJACT (EMPNO, PROJNO, ACTNO, EMPTIME, EMSTDATE, EMENDATE) VALUES('130', 'IF1000', 100, 0.50, '1982-10-01', '1983-01-01');
INSERT INTO EMPPROJACT (EMPNO, PROJNO, ACTNO, EMPTIME, EMSTDATE, EMENDATE) VALUES('140', 'IF1000', 90, 0.50, '1982-10-01', '1983-01-01');
INSERT INTO EMPPROJACT (EMPNO, PROJNO, ACTNO, EMPTIME, EMSTDATE, EMENDATE) VALUES('30', 'IF2000', 10, 0.50, '1982-01-01', '1983-01-01');
INSERT INTO EMPPROJACT (EMPNO, PROJNO, ACTNO, EMPTIME, EMSTDATE, EMENDATE) VALUES('140', 'IF2000', 100, 1.00, '1982-01-01', '1982-03-01');
INSERT INTO EMPPROJACT (EMPNO, PROJNO, ACTNO, EMPTIME, EMSTDATE, EMENDATE) VALUES('140', 'IF2000', 100, 0.50, '1982-03-01', '1982-07-01');
INSERT INTO EMPPROJACT (EMPNO, PROJNO, ACTNO, EMPTIME, EMSTDATE, EMENDATE) VALUES('140', 'IF2000', 110, 0.50, '1982-03-01', '1982-07-01');
INSERT INTO EMPPROJACT (EMPNO, PROJNO, ACTNO, EMPTIME, EMSTDATE, EMENDATE) VALUES('140', 'IF2000', 110, 0.50, '1982-10-01', '1983-01-01');
INSERT INTO EMPPROJACT (EMPNO, PROJNO, ACTNO, EMPTIME, EMSTDATE, EMENDATE) VALUES('10', 'MA2100', 10, 0.50, '1982-01-01', '1982-11-01');
INSERT INTO EMPPROJACT (EMPNO, PROJNO, ACTNO, EMPTIME, EMSTDATE, EMENDATE) VALUES('110', 'MA2100', 20, 1.00, '1982-01-01', '1983-03-01');
INSERT INTO EMPPROJACT (EMPNO, PROJNO, ACTNO, EMPTIME, EMSTDATE, EMENDATE) VALUES('10', 'MA2110', 10, 1.00, '1982-01-01', '1983-02-01');
INSERT INTO EMPPROJACT (EMPNO, PROJNO, ACTNO, EMPTIME, EMSTDATE, EMENDATE) VALUES('200', 'MA2111', 50, 1.00, '1982-01-01', '1982-06-15');
INSERT INTO EMPPROJACT (EMPNO, PROJNO, ACTNO, EMPTIME, EMSTDATE, EMENDATE) VALUES('200', 'MA2111', 60, 1.00, '1982-06-15', '1983-02-01');
INSERT INTO EMPPROJACT (EMPNO, PROJNO, ACTNO, EMPTIME, EMSTDATE, EMENDATE) VALUES('220', 'MA2111', 40, 1.00, '1982-01-01', '1983-02-01');
INSERT INTO EMPPROJACT (EMPNO, PROJNO, ACTNO, EMPTIME, EMSTDATE, EMENDATE) VALUES('150', 'MA2112', 60, 1.00, '1982-01-01', '1982-07-15');
INSERT INTO EMPPROJACT (EMPNO, PROJNO, ACTNO, EMPTIME, EMSTDATE, EMENDATE) VALUES('150', 'MA2112', 180, 1.00, '1982-07-15', '1983-02-01');
INSERT INTO EMPPROJACT (EMPNO, PROJNO, ACTNO, EMPTIME, EMSTDATE, EMENDATE) VALUES('170', 'MA2112', 60, 1.00, '1982-01-01', '1983-06-01');
INSERT INTO EMPPROJACT (EMPNO, PROJNO, ACTNO, EMPTIME, EMSTDATE, EMENDATE) VALUES('170', 'MA2112', 70, 1.00, '1982-06-01', '1983-02-01');
INSERT INTO EMPPROJACT (EMPNO, PROJNO, ACTNO, EMPTIME, EMSTDATE, EMENDATE) VALUES('190', 'MA2112', 70, 1.00, '1982-01-01', '1982-10-01');
INSERT INTO EMPPROJACT (EMPNO, PROJNO, ACTNO, EMPTIME, EMSTDATE, EMENDATE) VALUES('190', 'MA2112', 80, 1.00, '1982-10-01', '1983-10-01');
INSERT INTO EMPPROJACT (EMPNO, PROJNO, ACTNO, EMPTIME, EMSTDATE, EMENDATE) VALUES('160', 'MA2113', 60, 1.00, '1982-07-15', '1983-02-01');
INSERT INTO EMPPROJACT (EMPNO, PROJNO, ACTNO, EMPTIME, EMSTDATE, EMENDATE) VALUES('170', 'MA2113', 80, 1.00, '1982-01-01', '1983-02-01');
INSERT INTO EMPPROJACT (EMPNO, PROJNO, ACTNO, EMPTIME, EMSTDATE, EMENDATE) VALUES('180', 'MA2113', 70, 1.00, '1982-04-01', '1982-06-15');
INSERT INTO EMPPROJACT (EMPNO, PROJNO, ACTNO, EMPTIME, EMSTDATE, EMENDATE) VALUES('210', 'MA2113', 80, 0.50, '1982-10-01', '1983-02-01');
INSERT INTO EMPPROJACT (EMPNO, PROJNO, ACTNO, EMPTIME, EMSTDATE, EMENDATE) VALUES('210', 'MA2113', 180, 0.50, '1982-10-01', '1983-02-01');
INSERT INTO EMPPROJACT (EMPNO, PROJNO, ACTNO, EMPTIME, EMSTDATE, EMENDATE) VALUES('50', 'OP1000', 10, 0.25, '1982-01-01', '1983-02-01');
INSERT INTO EMPPROJACT (EMPNO, PROJNO, ACTNO, EMPTIME, EMSTDATE, EMENDATE) VALUES('90', 'OP1010', 10, 1.00, '1982-01-01', '1983-02-01');
INSERT INTO EMPPROJACT (EMPNO, PROJNO, ACTNO, EMPTIME, EMSTDATE, EMENDATE) VALUES('280', 'OP1010', 130, 1.00, '1982-01-01', '1983-02-01');
INSERT INTO EMPPROJACT (EMPNO, PROJNO, ACTNO, EMPTIME, EMSTDATE, EMENDATE) VALUES('290', 'OP1010', 130, 1.00, '1982-01-01', '1983-02-01');
INSERT INTO EMPPROJACT (EMPNO, PROJNO, ACTNO, EMPTIME, EMSTDATE, EMENDATE) VALUES('300', 'OP1010', 130, 1.00, '1982-01-01', '1983-02-01');
INSERT INTO EMPPROJACT (EMPNO, PROJNO, ACTNO, EMPTIME, EMSTDATE, EMENDATE) VALUES('310', 'OP1010', 130, 1.00, '1982-01-01', '1983-02-01');
INSERT INTO EMPPROJACT (EMPNO, PROJNO, ACTNO, EMPTIME, EMSTDATE, EMENDATE) VALUES('50', 'OP2010', 10, 0.75, '1982-01-01', '1983-02-01');
INSERT INTO EMPPROJACT (EMPNO, PROJNO, ACTNO, EMPTIME, EMSTDATE, EMENDATE) VALUES('100', 'OP2010', 10, 1.00, '1982-01-01', '1983-02-01');
INSERT INTO EMPPROJACT (EMPNO, PROJNO, ACTNO, EMPTIME, EMSTDATE, EMENDATE) VALUES('320', 'OP2011', 140, 0.75, '1982-01-01', '1983-02-01');
INSERT INTO EMPPROJACT (EMPNO, PROJNO, ACTNO, EMPTIME, EMSTDATE, EMENDATE) VALUES('320', 'OP2011', 150, 0.25, '1982-01-01', '1983-02-01');
INSERT INTO EMPPROJACT (EMPNO, PROJNO, ACTNO, EMPTIME, EMSTDATE, EMENDATE) VALUES('330', 'OP2012', 140, 0.25, '1982-01-01', '1983-02-01');
INSERT INTO EMPPROJACT (EMPNO, PROJNO, ACTNO, EMPTIME, EMSTDATE, EMENDATE) VALUES('330', 'OP2012', 160, 0.75, '1982-01-01', '1983-02-01');
INSERT INTO EMPPROJACT (EMPNO, PROJNO, ACTNO, EMPTIME, EMSTDATE, EMENDATE) VALUES('340', 'OP2013', 140, 0.50, '1982-01-01', '1983-02-01');
INSERT INTO EMPPROJACT (EMPNO, PROJNO, ACTNO, EMPTIME, EMSTDATE, EMENDATE) VALUES('340', 'OP2013', 170, 0.50, '1982-01-01', '1983-02-01');
INSERT INTO EMPPROJACT (EMPNO, PROJNO, ACTNO, EMPTIME, EMSTDATE, EMENDATE) VALUES('20', 'PL2100', 30, 1.00, '1982-01-01', '1982-09-15');

INSERT INTO PROJECT (PROJNO, PROJNAME, DEPTNO, RESPEMP, PRSTAFF, PRSTDATE, PRENDATE, MAJPROJ) VALUES('AD3100', 'ADMIN SERVICES', 'D01', '10', 6.50, '1982-01-01', '1983-02-01', NULL);
INSERT INTO PROJECT (PROJNO, PROJNAME, DEPTNO, RESPEMP, PRSTAFF, PRSTDATE, PRENDATE, MAJPROJ) VALUES('AD3110', 'GENERAL ADMIN SYSTEMS', 'D21', '70', 6.00, '1982-01-01', '1983-02-01', 'AD3100');
INSERT INTO PROJECT (PROJNO, PROJNAME, DEPTNO, RESPEMP, PRSTAFF, PRSTDATE, PRENDATE, MAJPROJ) VALUES('AD3111', 'PAYROLL PROGRAMMING', 'D21', '230', 2.00, '1982-01-01', '1983-02-01', 'AD3110');
INSERT INTO PROJECT (PROJNO, PROJNAME, DEPTNO, RESPEMP, PRSTAFF, PRSTDATE, PRENDATE, MAJPROJ) VALUES('AD3112', 'PERSONNEL PROGRAMMING', 'D21', '250', 1.00, '1982-01-01', '1983-02-01', 'AD3110');
INSERT INTO PROJECT (PROJNO, PROJNAME, DEPTNO, RESPEMP, PRSTAFF, PRSTDATE, PRENDATE, MAJPROJ) VALUES('AD3113', 'ACCOUNT PROGRAMMING', 'D21', '270', 2.00, '1982-01-01', '1983-02-01', 'AD3110');
INSERT INTO PROJECT (PROJNO, PROJNAME, DEPTNO, RESPEMP, PRSTAFF, PRSTDATE, PRENDATE, MAJPROJ) VALUES('IF1000', 'QUERY SERVICES', 'C01', '30', 2.00, '1982-01-01', '1983-02-01', NULL);
INSERT INTO PROJECT (PROJNO, PROJNAME, DEPTNO, RESPEMP, PRSTAFF, PRSTDATE, PRENDATE, MAJPROJ) VALUES('IF2000', 'USER EDUCATION', 'C01', '30', 1.00, '1982-01-01', '1983-02-01', NULL);
INSERT INTO PROJECT (PROJNO, PROJNAME, DEPTNO, RESPEMP, PRSTAFF, PRSTDATE, PRENDATE, MAJPROJ) VALUES('MA2100', 'WELD LINE AUTOMATION', 'D01', '10', 12.00, '1982-01-01', '1983-02-01', NULL);
INSERT INTO PROJECT (PROJNO, PROJNAME, DEPTNO, RESPEMP, PRSTAFF, PRSTDATE, PRENDATE, MAJPROJ) VALUES('MA2110', 'W L PROGRAMMING', 'D11', '60', 9.00, '1982-01-01', '1983-02-01', 'MA2100');
INSERT INTO PROJECT (PROJNO, PROJNAME, DEPTNO, RESPEMP, PRSTAFF, PRSTDATE, PRENDATE, MAJPROJ) VALUES('MA2111', 'W L PROGRAM DESIGN', 'D11', '220', 2.00, '1982-01-01', '1982-12-01', 'MA2110');
INSERT INTO PROJECT (PROJNO, PROJNAME, DEPTNO, RESPEMP, PRSTAFF, PRSTDATE, PRENDATE, MAJPROJ) VALUES('MA2112', 'W L ROBOT DESIGN', 'D11', '150', 3.00, '1982-01-01', '1982-12-01', 'MA2110');
INSERT INTO PROJECT (PROJNO, PROJNAME, DEPTNO, RESPEMP, PRSTAFF, PRSTDATE, PRENDATE, MAJPROJ) VALUES('MA2113', 'W L PROD CONT PROGS', 'D11', '160', 3.00, '1982-02-15', '1982-12-01', 'MA2110');
INSERT INTO PROJECT (PROJNO, PROJNAME, DEPTNO, RESPEMP, PRSTAFF, PRSTDATE, PRENDATE, MAJPROJ) VALUES('OP1000', 'OPERATION SUPPORT', 'E01', '50', 6.00, '1982-01-01', '1983-02-01', NULL);
INSERT INTO PROJECT (PROJNO, PROJNAME, DEPTNO, RESPEMP, PRSTAFF, PRSTDATE, PRENDATE, MAJPROJ) VALUES('OP1010', 'OPERATION', 'E11', '90', 5.00, '1982-01-01', '1983-02-01', 'OP1000');
INSERT INTO PROJECT (PROJNO, PROJNAME, DEPTNO, RESPEMP, PRSTAFF, PRSTDATE, PRENDATE, MAJPROJ) VALUES('OP2000', 'GEN SYSTEMS SERVICES', 'E01', '50', 5.00, '1982-01-01', '1983-02-01', NULL);
INSERT INTO PROJECT (PROJNO, PROJNAME, DEPTNO, RESPEMP, PRSTAFF, PRSTDATE, PRENDATE, MAJPROJ) VALUES('OP2010', 'SYSTEMS SUPPORT', 'E21', '100', 4.00, '1982-01-01', '1983-02-01', 'OP2000');
INSERT INTO PROJECT (PROJNO, PROJNAME, DEPTNO, RESPEMP, PRSTAFF, PRSTDATE, PRENDATE, MAJPROJ) VALUES('OP2011', 'SCP SYSTEMS SUPPORT', 'E21', '320', 1.00, '1982-01-01', '1983-02-01', 'OP2010');
INSERT INTO PROJECT (PROJNO, PROJNAME, DEPTNO, RESPEMP, PRSTAFF, PRSTDATE, PRENDATE, MAJPROJ) VALUES('OP2012', 'APPLICATIONS SUPPORT', 'E21', '330', 1.00, '1982-01-01', '1983-02-01', 'OP2010');
INSERT INTO PROJECT (PROJNO, PROJNAME, DEPTNO, RESPEMP, PRSTAFF, PRSTDATE, PRENDATE, MAJPROJ) VALUES('OP2013', 'DB/DC SUPPORT', 'E21', '340', 1.00, '1982-01-01', '1983-02-01', 'OP2010');
INSERT INTO PROJECT (PROJNO, PROJNAME, DEPTNO, RESPEMP, PRSTAFF, PRSTDATE, PRENDATE, MAJPROJ) VALUES('PL2100', 'WELD LINE PLANNING', 'B01', '20', 1.00, '1982-01-01', '1982-09-15', 'MA2100');

INSERT INTO PROJACT (PROJNO, ACTNO, ACSTAFF, ACSTDATE, ACENDATE) VALUES('AD3100', 10, NULL, '1982-01-01', NULL);
INSERT INTO PROJACT (PROJNO, ACTNO, ACSTAFF, ACSTDATE, ACENDATE) VALUES('AD3110', 10, NULL, '1982-01-01', NULL);
INSERT INTO PROJACT (PROJNO, ACTNO, ACSTAFF, ACSTDATE, ACENDATE) VALUES('AD3111', 60, NULL, '1982-01-01', NULL);
INSERT INTO PROJACT (PROJNO, ACTNO, ACSTAFF, ACSTDATE, ACENDATE) VALUES('AD3111', 60, NULL, '1982-03-15', NULL);
INSERT INTO PROJACT (PROJNO, ACTNO, ACSTAFF, ACSTDATE, ACENDATE) VALUES('AD3111', 70, NULL, '1982-03-15', NULL);
INSERT INTO PROJACT (PROJNO, ACTNO, ACSTAFF, ACSTDATE, ACENDATE) VALUES('AD3111', 80, NULL, '1982-04-15', NULL);
INSERT INTO PROJACT (PROJNO, ACTNO, ACSTAFF, ACSTDATE, ACENDATE) VALUES('AD3111', 180, NULL, '1982-10-15', NULL);
INSERT INTO PROJACT (PROJNO, ACTNO, ACSTAFF, ACSTDATE, ACENDATE) VALUES('AD3111', 70, NULL, '1982-02-15', NULL);
INSERT INTO PROJACT (PROJNO, ACTNO, ACSTAFF, ACSTDATE, ACENDATE) VALUES('AD3111', 80, NULL, '1982-09-15', NULL);
INSERT INTO PROJACT (PROJNO, ACTNO, ACSTAFF, ACSTDATE, ACENDATE) VALUES('AD3112', 60, NULL, '1982-01-01', NULL);
INSERT INTO PROJACT (PROJNO, ACTNO, ACSTAFF, ACSTDATE, ACENDATE) VALUES('AD3112', 60, NULL, '1982-02-01', NULL);
INSERT INTO PROJACT (PROJNO, ACTNO, ACSTAFF, ACSTDATE, ACENDATE) VALUES('AD3112', 60, NULL, '1983-01-01', NULL);
INSERT INTO PROJACT (PROJNO, ACTNO, ACSTAFF, ACSTDATE, ACENDATE) VALUES('AD3112', 70, NULL, '1982-02-01', NULL);
INSERT INTO PROJACT (PROJNO, ACTNO, ACSTAFF, ACSTDATE, ACENDATE) VALUES('AD3112', 70, NULL, '1982-03-15', NULL);
INSERT INTO PROJACT (PROJNO, ACTNO, ACSTAFF, ACSTDATE, ACENDATE) VALUES('AD3112', 70, NULL, '1982-08-15', NULL);
INSERT INTO PROJACT (PROJNO, ACTNO, ACSTAFF, ACSTDATE, ACENDATE) VALUES('AD3112', 80, NULL, '1982-08-15', NULL);
INSERT INTO PROJACT (PROJNO, ACTNO, ACSTAFF, ACSTDATE, ACENDATE) VALUES('AD3112', 80, NULL, '1982-10-15', NULL);
INSERT INTO PROJACT (PROJNO, ACTNO, ACSTAFF, ACSTDATE, ACENDATE) VALUES('AD3112', 180, NULL, '1982-08-15', NULL);
INSERT INTO PROJACT (PROJNO, ACTNO, ACSTAFF, ACSTDATE, ACENDATE) VALUES('AD3113', 70, NULL, '1982-06-15', NULL);
INSERT INTO PROJACT (PROJNO, ACTNO, ACSTAFF, ACSTDATE, ACENDATE) VALUES('AD3113', 70, NULL, '1982-07-01', NULL);
INSERT INTO PROJACT (PROJNO, ACTNO, ACSTAFF, ACSTDATE, ACENDATE) VALUES('AD3113', 80, NULL, '1982-01-01', NULL);
INSERT INTO PROJACT (PROJNO, ACTNO, ACSTAFF, ACSTDATE, ACENDATE) VALUES('AD3113', 80, NULL, '1982-03-01', NULL);
INSERT INTO PROJACT (PROJNO, ACTNO, ACSTAFF, ACSTDATE, ACENDATE) VALUES('AD3113', 180, NULL, '1982-03-01', NULL);
INSERT INTO PROJACT (PROJNO, ACTNO, ACSTAFF, ACSTDATE, ACENDATE) VALUES('AD3113', 180, NULL, '1982-04-15', NULL);
INSERT INTO PROJACT (PROJNO, ACTNO, ACSTAFF, ACSTDATE, ACENDATE) VALUES('AD3113', 180, NULL, '1982-06-01', NULL);
INSERT INTO PROJACT (PROJNO, ACTNO, ACSTAFF, ACSTDATE, ACENDATE) VALUES('AD3113', 60, NULL, '1982-03-01', NULL);
INSERT INTO PROJACT (PROJNO, ACTNO, ACSTAFF, ACSTDATE, ACENDATE) VALUES('AD3113', 60, NULL, '1982-04-01', NULL);
INSERT INTO PROJACT (PROJNO, ACTNO, ACSTAFF, ACSTDATE, ACENDATE) VALUES('AD3113', 60, NULL, '1982-09-01', NULL);
INSERT INTO PROJACT (PROJNO, ACTNO, ACSTAFF, ACSTDATE, ACENDATE) VALUES('AD3113', 70, NULL, '1982-09-01', NULL);
INSERT INTO PROJACT (PROJNO, ACTNO, ACSTAFF, ACSTDATE, ACENDATE) VALUES('AD3113', 70, NULL, '1982-10-15', NULL);
INSERT INTO PROJACT (PROJNO, ACTNO, ACSTAFF, ACSTDATE, ACENDATE) VALUES('IF1000', 10, NULL, '1982-06-01', NULL);
INSERT INTO PROJACT (PROJNO, ACTNO, ACSTAFF, ACSTDATE, ACENDATE) VALUES('IF1000', 90, NULL, '1982-10-01', NULL);
INSERT INTO PROJACT (PROJNO, ACTNO, ACSTAFF, ACSTDATE, ACENDATE) VALUES('IF1000', 100, NULL, '1982-10-01', NULL);
INSERT INTO PROJACT (PROJNO, ACTNO, ACSTAFF, ACSTDATE, ACENDATE) VALUES('IF2000', 10, NULL, '1982-01-01', NULL);
INSERT INTO PROJACT (PROJNO, ACTNO, ACSTAFF, ACSTDATE, ACENDATE) VALUES('IF2000', 100, NULL, '1982-01-01', NULL);
INSERT INTO PROJACT (PROJNO, ACTNO, ACSTAFF, ACSTDATE, ACENDATE) VALUES('IF2000', 100, NULL, '1982-03-01', NULL);
INSERT INTO PROJACT (PROJNO, ACTNO, ACSTAFF, ACSTDATE, ACENDATE) VALUES('IF2000', 110, NULL, '1982-03-01', NULL);
INSERT INTO PROJACT (PROJNO, ACTNO, ACSTAFF, ACSTDATE, ACENDATE) VALUES('IF2000', 110, NULL, '1982-10-01', NULL);
INSERT INTO PROJACT (PROJNO, ACTNO, ACSTAFF, ACSTDATE, ACENDATE) VALUES('MA2100', 10, NULL, '1982-01-01', NULL);
INSERT INTO PROJACT (PROJNO, ACTNO, ACSTAFF, ACSTDATE, ACENDATE) VALUES('MA2100', 20, NULL, '1982-01-01', NULL);
INSERT INTO PROJACT (PROJNO, ACTNO, ACSTAFF, ACSTDATE, ACENDATE) VALUES('MA2110', 10, NULL, '1982-01-01', NULL);
INSERT INTO PROJACT (PROJNO, ACTNO, ACSTAFF, ACSTDATE, ACENDATE) VALUES('MA2111', 50, NULL, '1982-01-01', NULL);
INSERT INTO PROJACT (PROJNO, ACTNO, ACSTAFF, ACSTDATE, ACENDATE) VALUES('MA2111', 60, NULL, '1982-06-15', NULL);
INSERT INTO PROJACT (PROJNO, ACTNO, ACSTAFF, ACSTDATE, ACENDATE) VALUES('MA2111', 40, NULL, '1982-01-01', NULL);
INSERT INTO PROJACT (PROJNO, ACTNO, ACSTAFF, ACSTDATE, ACENDATE) VALUES('MA2112', 60, NULL, '1982-01-01', NULL);
INSERT INTO PROJACT (PROJNO, ACTNO, ACSTAFF, ACSTDATE, ACENDATE) VALUES('MA2112', 180, NULL, '1982-07-15', NULL);
INSERT INTO PROJACT (PROJNO, ACTNO, ACSTAFF, ACSTDATE, ACENDATE) VALUES('MA2112', 70, NULL, '1982-06-01', NULL);
INSERT INTO PROJACT (PROJNO, ACTNO, ACSTAFF, ACSTDATE, ACENDATE) VALUES('MA2112', 70, NULL, '1982-01-01', NULL);
INSERT INTO PROJACT (PROJNO, ACTNO, ACSTAFF, ACSTDATE, ACENDATE) VALUES('MA2112', 80, NULL, '1982-10-01', NULL);
INSERT INTO PROJACT (PROJNO, ACTNO, ACSTAFF, ACSTDATE, ACENDATE) VALUES('MA2113', 60, NULL, '1982-07-15', NULL);
INSERT INTO PROJACT (PROJNO, ACTNO, ACSTAFF, ACSTDATE, ACENDATE) VALUES('MA2113', 80, NULL, '1982-01-01', NULL);
INSERT INTO PROJACT (PROJNO, ACTNO, ACSTAFF, ACSTDATE, ACENDATE) VALUES('MA2113', 70, NULL, '1982-04-01', NULL);
INSERT INTO PROJACT (PROJNO, ACTNO, ACSTAFF, ACSTDATE, ACENDATE) VALUES('MA2113', 80, NULL, '1982-10-01', NULL);
INSERT INTO PROJACT (PROJNO, ACTNO, ACSTAFF, ACSTDATE, ACENDATE) VALUES('MA2113', 180, NULL, '1982-10-01', NULL);
INSERT INTO PROJACT (PROJNO, ACTNO, ACSTAFF, ACSTDATE, ACENDATE) VALUES('OP1000', 10, NULL, '1982-01-01', NULL);
INSERT INTO PROJACT (PROJNO, ACTNO, ACSTAFF, ACSTDATE, ACENDATE) VALUES('OP1010', 10, NULL, '1982-01-01', NULL);
INSERT INTO PROJACT (PROJNO, ACTNO, ACSTAFF, ACSTDATE, ACENDATE) VALUES('OP1010', 130, NULL, '1982-01-01', NULL);
INSERT INTO PROJACT (PROJNO, ACTNO, ACSTAFF, ACSTDATE, ACENDATE) VALUES('OP2010', 10, NULL, '1982-01-01', NULL);
INSERT INTO PROJACT (PROJNO, ACTNO, ACSTAFF, ACSTDATE, ACENDATE) VALUES('OP2011', 140, NULL, '1982-01-01', NULL);
INSERT INTO PROJACT (PROJNO, ACTNO, ACSTAFF, ACSTDATE, ACENDATE) VALUES('OP2011', 150, NULL, '1982-01-01', NULL);
INSERT INTO PROJACT (PROJNO, ACTNO, ACSTAFF, ACSTDATE, ACENDATE) VALUES('OP2012', 140, NULL, '1982-01-01', NULL);
INSERT INTO PROJACT (PROJNO, ACTNO, ACSTAFF, ACSTDATE, ACENDATE) VALUES('OP2012', 160, NULL, '1982-01-01', NULL);
INSERT INTO PROJACT (PROJNO, ACTNO, ACSTAFF, ACSTDATE, ACENDATE) VALUES('OP2013', 140, NULL, '1982-01-01', NULL);
INSERT INTO PROJACT (PROJNO, ACTNO, ACSTAFF, ACSTDATE, ACENDATE) VALUES('OP2013', 170, NULL, '1982-01-01', NULL);
INSERT INTO PROJACT (PROJNO, ACTNO, ACSTAFF, ACSTDATE, ACENDATE) VALUES('PL2100', 30, NULL, '1982-01-01', NULL);

INSERT INTO ACT (ACTNO, ACTKWD, ACTDESC) VALUES(10, 'MANAGE', 'MANAGE/ADVISE');
INSERT INTO ACT (ACTNO, ACTKWD, ACTDESC) VALUES(20, 'ECOST', 'ESTIMATE COST');
INSERT INTO ACT (ACTNO, ACTKWD, ACTDESC) VALUES(30, 'DEFINE', 'DEFINE SPECS');
INSERT INTO ACT (ACTNO, ACTKWD, ACTDESC) VALUES(40, 'LEADPR', 'LEAD PROGRAM/DESIGN');
INSERT INTO ACT (ACTNO, ACTKWD, ACTDESC) VALUES(50, 'SPECS', 'WRITE SPECS');
INSERT INTO ACT (ACTNO, ACTKWD, ACTDESC) VALUES(60, 'LOGIC', 'DESCRIBE LOGIC');
INSERT INTO ACT (ACTNO, ACTKWD, ACTDESC) VALUES(70, 'CODE', 'CODE PROGRAMS');
INSERT INTO ACT (ACTNO, ACTKWD, ACTDESC) VALUES(80, 'TEST', 'TEST PROGRAMS');
INSERT INTO ACT (ACTNO, ACTKWD, ACTDESC) VALUES(90, 'ADMQS', 'ADM QUERY SYSTEM');
INSERT INTO ACT (ACTNO, ACTKWD, ACTDESC) VALUES(100, 'TEACH', 'TEACH CLASSES');
INSERT INTO ACT (ACTNO, ACTKWD, ACTDESC) VALUES(110, 'COURSE', 'DEVELOP COURSES');
INSERT INTO ACT (ACTNO, ACTKWD, ACTDESC) VALUES(120, 'STAFF', 'PERS AND STAFFING');
INSERT INTO ACT (ACTNO, ACTKWD, ACTDESC) VALUES(130, 'OPERAT', 'OPER COMPUTER SYS');
INSERT INTO ACT (ACTNO, ACTKWD, ACTDESC) VALUES(140, 'MAINT', 'MAINT SOFTWARE SYS');
INSERT INTO ACT (ACTNO, ACTKWD, ACTDESC) VALUES(150, 'ADMSYS', 'ADM OPERATING SYS');
INSERT INTO ACT (ACTNO, ACTKWD, ACTDESC) VALUES(160, 'ADMDB', 'ADM DATA BASES');
INSERT INTO ACT (ACTNO, ACTKWD, ACTDESC) VALUES(170, 'ADMDC', 'ADM DATA COMM');
INSERT INTO ACT (ACTNO, ACTKWD, ACTDESC) VALUES(180, 'DOC', 'DOCUMENT');

INSERT INTO CL_SCHED (CLASS_CODE, DAY, STARTING, ENDING) VALUES('042:BF', 4, '12:10:00', '14:00:00');
INSERT INTO CL_SCHED (CLASS_CODE, DAY, STARTING, ENDING) VALUES('553:MJA', 1, '10:30:00', '11:00:00');
INSERT INTO CL_SCHED (CLASS_CODE, DAY, STARTING, ENDING) VALUES('543:CWM', 3, '09:10:00', '10:30:00');
INSERT INTO CL_SCHED (CLASS_CODE, DAY, STARTING, ENDING) VALUES('778:RES', 2, '12:10:00', '14:00:00');
INSERT INTO CL_SCHED (CLASS_CODE, DAY, STARTING, ENDING) VALUES('044:HD', 3, '17:12:30', '18:00:00');

INSERT INTO IN_TRAY (RECEIVED, SOURCE, SUBJECT, NOTE_TEXT) VALUES('1988-12-25-17.12.30.000000', 'BADAMSON', 'FWD: Fantastic year! 4th Quarter Bonus.', 'To: JWALKER Cc: QUINTANA, NICHOLLS Jim, Looks like our hard work has paid off. I have some good beer in the fridge if you want to come over to celebrate a bit. Delores and Heather, are you interested as well? Bruce <Forwarding from ISTERN> Subject: FWD: Fantastic year! 4th Quarter Bonus. To: Dept_D11 Congratulations on a job well done. Enjoy this year s bonus. Irv <Forwarding from CHAAS> Subject: Fantastic year! 4th Quarter Bonus. To: All_Managers Our 4th quarter results are in. We pulled together as a team and exceeded our plan! I am pleased to announce a bonus this year of 18%. Enjoy the holidays. Christine Haas');
INSERT INTO IN_TRAY (RECEIVED, SOURCE, SUBJECT, NOTE_TEXT) VALUES('1988-12-23-08.53.58.000000', 'ISTERN', 'FWD: Fantastic year! 4th Quarter Bonus.', 'To: Dept_D11 Congratulations on a job well done. Enjoy this year s bonus. Irv <Forwarding from CHAAS> Subject: Fantastic year! 4th Quarter Bonus. To: All_Managers Our 4th quarter results are in. We pulled together as a team and exceeded our plan! I am pleased to announce a bonus this year of 18%. Enjoy the holidays. Christine Haas');
INSERT INTO IN_TRAY (RECEIVED, SOURCE, SUBJECT, NOTE_TEXT) VALUES('1988-12-22-14.07.21.136421', 'CHAAS', 'Fantastic year! 4th Quarter Bonus.', 'To: All_Managers Our 4th quarter results are in. We pulled together as a team and exceeded our plan! I am pleased to announce a bonus this year of 18%. Enjoy the holidays. Christine Haas');

INSERT INTO ORG (DEPTNUMB, DEPTNAME, MANAGER, DIVISION, LOCATION) VALUES(10, 'Head Office', 160, 'Corporate', 'New York');
INSERT INTO ORG (DEPTNUMB, DEPTNAME, MANAGER, DIVISION, LOCATION) VALUES(15, 'New England', 50, 'Eastern', 'Boston');
INSERT INTO ORG (DEPTNUMB, DEPTNAME, MANAGER, DIVISION, LOCATION) VALUES(20, 'Mid Atlantic', 10, 'Eastern', 'Washington');
INSERT INTO ORG (DEPTNUMB, DEPTNAME, MANAGER, DIVISION, LOCATION) VALUES(38, 'South Atlantic', 30, 'Eastern', 'Atlanta');
INSERT INTO ORG (DEPTNUMB, DEPTNAME, MANAGER, DIVISION, LOCATION) VALUES(42, 'Great Lakes', 100, 'Midwest', 'Chicago');
INSERT INTO ORG (DEPTNUMB, DEPTNAME, MANAGER, DIVISION, LOCATION) VALUES(51, 'Plains', 140, 'Midwest', 'Dallas');
INSERT INTO ORG (DEPTNUMB, DEPTNAME, MANAGER, DIVISION, LOCATION) VALUES(66, 'Pacific', 270, 'Western', 'San Francisco');
INSERT INTO ORG (DEPTNUMB, DEPTNAME, MANAGER, DIVISION, LOCATION) VALUES(84, 'Mountain', 290, 'Western', 'Denver');

INSERT INTO STAFF (ID, NAME, DEPT, JOB, YEARS, SALARY, COMM) VALUES(10, 'Sanders', 20, 'Mgr', 7, 18357.50, NULL);
INSERT INTO STAFF (ID, NAME, DEPT, JOB, YEARS, SALARY, COMM) VALUES(20, 'Pernal', 20, 'Sales', 8, 18171.25, 612.45);
INSERT INTO STAFF (ID, NAME, DEPT, JOB, YEARS, SALARY, COMM) VALUES(30, 'Marenghi', 38, 'Mgr', 5, 17506.75, NULL);
INSERT INTO STAFF (ID, NAME, DEPT, JOB, YEARS, SALARY, COMM) VALUES(40, 'O Brien', 38, 'Sales', 6, 18006.00, 846.55);
INSERT INTO STAFF (ID, NAME, DEPT, JOB, YEARS, SALARY, COMM) VALUES(50, 'Hanes', 15, 'Mgr', 10, 20659.80, NULL);
INSERT INTO STAFF (ID, NAME, DEPT, JOB, YEARS, SALARY, COMM) VALUES(60, 'Quigley', 38, 'Sales', 7, 16508.30, 650.25);
INSERT INTO STAFF (ID, NAME, DEPT, JOB, YEARS, SALARY, COMM) VALUES(70, 'Rothman', 15, 'Sales', 7, 16502.83, 1152.00);
INSERT INTO STAFF (ID, NAME, DEPT, JOB, YEARS, SALARY, COMM) VALUES(80, 'James', 20, 'Clerk', NULL, 13504.60, 128.20);
INSERT INTO STAFF (ID, NAME, DEPT, JOB, YEARS, SALARY, COMM) VALUES(90, 'Koonitz', 42, 'Sales', 6, 18001.75, 1386.70);
INSERT INTO STAFF (ID, NAME, DEPT, JOB, YEARS, SALARY, COMM) VALUES(100, 'Plotz', 42, 'Mgr', 7, 18352.80, NULL);
INSERT INTO STAFF (ID, NAME, DEPT, JOB, YEARS, SALARY, COMM) VALUES(110, 'Ngan', 15, 'Clerk', 5, 12508.20, 206.60);
INSERT INTO STAFF (ID, NAME, DEPT, JOB, YEARS, SALARY, COMM) VALUES(120, 'Naughton', 38, 'Clerk', NULL, 12954.75, 180.00);
INSERT INTO STAFF (ID, NAME, DEPT, JOB, YEARS, SALARY, COMM) VALUES(130, 'Yamaguchi', 42, 'Clerk', 6, 10505.90, 75.60);
INSERT INTO STAFF (ID, NAME, DEPT, JOB, YEARS, SALARY, COMM) VALUES(140, 'Fraye', 51, 'Mgr', 6, 21150.00, NULL);
INSERT INTO STAFF (ID, NAME, DEPT, JOB, YEARS, SALARY, COMM) VALUES(150, 'Williams', 51, 'Sales', 6, 19456.50, 637.65);
INSERT INTO STAFF (ID, NAME, DEPT, JOB, YEARS, SALARY, COMM) VALUES(160, 'Molinare', 10, 'Mgr', 7, 22959.20, NULL);
INSERT INTO STAFF (ID, NAME, DEPT, JOB, YEARS, SALARY, COMM) VALUES(170, 'Kermisch', 15, 'Clerk', 4, 12258.50, 110.10);
INSERT INTO STAFF (ID, NAME, DEPT, JOB, YEARS, SALARY, COMM) VALUES(180, 'Abrahams', 38, 'Clerk', 3, 12009.75, 236.50);
INSERT INTO STAFF (ID, NAME, DEPT, JOB, YEARS, SALARY, COMM) VALUES(190, 'Sneider', 20, 'Clerk', 8, 14252.75, 126.50);
INSERT INTO STAFF (ID, NAME, DEPT, JOB, YEARS, SALARY, COMM) VALUES(200, 'Scoutten', 42, 'Clerk', NULL, 11508.60, 84.20);
INSERT INTO STAFF (ID, NAME, DEPT, JOB, YEARS, SALARY, COMM) VALUES(210, 'Lu', 10, 'Mgr', 10, 20010.00, NULL);
INSERT INTO STAFF (ID, NAME, DEPT, JOB, YEARS, SALARY, COMM) VALUES(220, 'Smith', 51, 'Sales', 7, 17654.50, 992.80);
INSERT INTO STAFF (ID, NAME, DEPT, JOB, YEARS, SALARY, COMM) VALUES(230, 'Lundquist', 51, 'Clerk', 3, 13369.80, 189.65);
INSERT INTO STAFF (ID, NAME, DEPT, JOB, YEARS, SALARY, COMM) VALUES(240, 'Daniels', 10, 'Mgr', 5, 19260.25, NULL);
INSERT INTO STAFF (ID, NAME, DEPT, JOB, YEARS, SALARY, COMM) VALUES(250, 'Wheeler', 51, 'Clerk', 6, 14460.00, 513.30);
INSERT INTO STAFF (ID, NAME, DEPT, JOB, YEARS, SALARY, COMM) VALUES(260, 'Jones', 10, 'Mgr', 12, 21234.00, NULL);
INSERT INTO STAFF (ID, NAME, DEPT, JOB, YEARS, SALARY, COMM) VALUES(270, 'Lea', 66, 'Mgr', 9, 18555.50, NULL);
INSERT INTO STAFF (ID, NAME, DEPT, JOB, YEARS, SALARY, COMM) VALUES(280, 'Wilson', 66, 'Sales', 9, 18674.50, 811.50);
INSERT INTO STAFF (ID, NAME, DEPT, JOB, YEARS, SALARY, COMM) VALUES(290, 'Quill', 84, 'Mgr', 10, 19818.00, NULL);
INSERT INTO STAFF (ID, NAME, DEPT, JOB, YEARS, SALARY, COMM) VALUES(300, 'Davis', 84, 'Sales', 5, 15454.50, 806.10);
INSERT INTO STAFF (ID, NAME, DEPT, JOB, YEARS, SALARY, COMM) VALUES(310, 'Graham', 66, 'Sales', 13, 21000.00, 200.30);
INSERT INTO STAFF (ID, NAME, DEPT, JOB, YEARS, SALARY, COMM) VALUES(320, 'Gonzales', 66, 'Sales', 4, 16858.20, 844.00);
INSERT INTO STAFF (ID, NAME, DEPT, JOB, YEARS, SALARY, COMM) VALUES(330, 'Burke', 66, 'Clerk', 1, 10988.00, 55.50);
INSERT INTO STAFF (ID, NAME, DEPT, JOB, YEARS, SALARY, COMM) VALUES(340, 'Edwards', 84, 'Sales', 7, 17844.00, 1285.00);
INSERT INTO STAFF (ID, NAME, DEPT, JOB, YEARS, SALARY, COMM) VALUES(3650, 'Gafney', 84, 'Clerk', 5, 13030.50, 188.00);

INSERT INTO SALES (SALES_DATE, SALES_PERSON, REGION, SALES) VALUES('1995-12-31', 'LUCCHESSI', 'Ontario-South', 1);
INSERT INTO SALES (SALES_DATE, SALES_PERSON, REGION, SALES) VALUES('1995-12-31', 'LEE', 'Ontario-South', 3);
INSERT INTO SALES (SALES_DATE, SALES_PERSON, REGION, SALES) VALUES('1995-12-31', 'LEE', 'Quebec', 1);
INSERT INTO SALES (SALES_DATE, SALES_PERSON, REGION, SALES) VALUES('1995-12-31', 'LEE', 'Manitoba', 2);
INSERT INTO SALES (SALES_DATE, SALES_PERSON, REGION, SALES) VALUES('1995-12-31', 'GOUNOT', 'Quebec', 1);
INSERT INTO SALES (SALES_DATE, SALES_PERSON, REGION, SALES) VALUES('1996-03-29', 'LUCCHESSI', 'Ontario-South', 3);
INSERT INTO SALES (SALES_DATE, SALES_PERSON, REGION, SALES) VALUES('1996-03-29', 'LUCCHESSI', 'Quebec', 1);
INSERT INTO SALES (SALES_DATE, SALES_PERSON, REGION, SALES) VALUES('1996-03-29', 'LEE', 'Ontario-South', 2);
INSERT INTO SALES (SALES_DATE, SALES_PERSON, REGION, SALES) VALUES('1996-03-29', 'LEE', 'Ontario-North', 2);
INSERT INTO SALES (SALES_DATE, SALES_PERSON, REGION, SALES) VALUES('1996-03-29', 'LEE', 'Quebec', 3);
INSERT INTO SALES (SALES_DATE, SALES_PERSON, REGION, SALES) VALUES('1996-03-29', 'LEE', 'Manitoba', 5);
INSERT INTO SALES (SALES_DATE, SALES_PERSON, REGION, SALES) VALUES('1996-03-29', 'GOUNOT', 'Ontario-South', 3);
INSERT INTO SALES (SALES_DATE, SALES_PERSON, REGION, SALES) VALUES('1996-03-29', 'GOUNOT', 'Quebec', 1);
INSERT INTO SALES (SALES_DATE, SALES_PERSON, REGION, SALES) VALUES('1996-03-29', 'GOUNOT', 'Manitoba', 7);
INSERT INTO SALES (SALES_DATE, SALES_PERSON, REGION, SALES) VALUES('1996-03-30', 'LUCCHESSI', 'Ontario-South', 1);
INSERT INTO SALES (SALES_DATE, SALES_PERSON, REGION, SALES) VALUES('1996-03-30', 'LUCCHESSI', 'Quebec', 2);
INSERT INTO SALES (SALES_DATE, SALES_PERSON, REGION, SALES) VALUES('1996-03-30', 'LUCCHESSI', 'Manitoba', 1);
INSERT INTO SALES (SALES_DATE, SALES_PERSON, REGION, SALES) VALUES('1996-03-30', 'LEE', 'Ontario-South', 7);
INSERT INTO SALES (SALES_DATE, SALES_PERSON, REGION, SALES) VALUES('1996-03-30', 'LEE', 'Ontario-North', 3);
INSERT INTO SALES (SALES_DATE, SALES_PERSON, REGION, SALES) VALUES('1996-03-30', 'LEE', 'Quebec', 7);
INSERT INTO SALES (SALES_DATE, SALES_PERSON, REGION, SALES) VALUES('1996-03-30', 'LEE', 'Manitoba', 4);
INSERT INTO SALES (SALES_DATE, SALES_PERSON, REGION, SALES) VALUES('1996-03-30', 'GOUNOT', 'Ontario-South', 2);
INSERT INTO SALES (SALES_DATE, SALES_PERSON, REGION, SALES) VALUES('1996-03-30', 'GOUNOT', 'Quebec', 18);
INSERT INTO SALES (SALES_DATE, SALES_PERSON, REGION, SALES) VALUES('1996-03-30', 'GOUNOT', 'Manitoba', 1);
INSERT INTO SALES (SALES_DATE, SALES_PERSON, REGION, SALES) VALUES('1996-03-31', 'LUCCHESSI', 'Manitoba', 1);
INSERT INTO SALES (SALES_DATE, SALES_PERSON, REGION, SALES) VALUES('1996-03-31', 'LEE', 'Ontario-South', 14);
INSERT INTO SALES (SALES_DATE, SALES_PERSON, REGION, SALES) VALUES('1996-03-31', 'LEE', 'Ontario-North', 3);
INSERT INTO SALES (SALES_DATE, SALES_PERSON, REGION, SALES) VALUES('1996-03-31', 'LEE', 'Quebec', 7);
INSERT INTO SALES (SALES_DATE, SALES_PERSON, REGION, SALES) VALUES('1996-03-31', 'LEE', 'Manitoba', 3);
INSERT INTO SALES (SALES_DATE, SALES_PERSON, REGION, SALES) VALUES('1996-03-31', 'GOUNOT', 'Ontario-South', 2);
INSERT INTO SALES (SALES_DATE, SALES_PERSON, REGION, SALES) VALUES('1996-03-31', 'GOUNOT', 'Quebec', 1);
INSERT INTO SALES (SALES_DATE, SALES_PERSON, REGION, SALES) VALUES('1996-04-01', 'LUCCHESSI', 'Ontario-South', 3);
INSERT INTO SALES (SALES_DATE, SALES_PERSON, REGION, SALES) VALUES('1996-04-01', 'LUCCHESSI', 'Manitoba', 1);
INSERT INTO SALES (SALES_DATE, SALES_PERSON, REGION, SALES) VALUES('1996-04-01', 'LEE', 'Ontario-South', 8);
INSERT INTO SALES (SALES_DATE, SALES_PERSON, REGION, SALES) VALUES('1996-04-01', 'LEE', 'Ontario-North', NULL);
INSERT INTO SALES (SALES_DATE, SALES_PERSON, REGION, SALES) VALUES('1996-04-01', 'LEE', 'Quebec', 8);
INSERT INTO SALES (SALES_DATE, SALES_PERSON, REGION, SALES) VALUES('1996-04-01', 'LEE', 'Manitoba', 9);
INSERT INTO SALES (SALES_DATE, SALES_PERSON, REGION, SALES) VALUES('1996-04-01', 'GOUNOT', 'Ontario-South', 3);
INSERT INTO SALES (SALES_DATE, SALES_PERSON, REGION, SALES) VALUES('1996-04-01', 'GOUNOT', 'Ontario-North', 1);
INSERT INTO SALES (SALES_DATE, SALES_PERSON, REGION, SALES) VALUES('1996-04-01', 'GOUNOT', 'Quebec', 3);
INSERT INTO SALES (SALES_DATE, SALES_PERSON, REGION, SALES) VALUES('1996-04-01', 'GOUNOT', 'Manitoba', 7);

commit;

